google,111.9
facebook,99.88
twitter,92.53
delloit,785.990000
ebay,870.670000hp,900.000000
HP,82.100000